,Model Name,Train Accuracy,Validation Accuracy,Accuracy Difference
0,Decision Tree,0.5262883914627798,0.48021863612701715,0.046069755335762685
0,Random Forest,0.6959049106368211,0.5262883914627798,0.1696165191740413
0,Logistic Regression,0.5972583723754988,0.5684539302446643,0.02880444213083455
0,SVM,0.5908381051535658,0.5674128058302967,0.02342529932326909
0,Naive Bayes,0.5123199722366822,0.4872462259239979,0.02507374631268433
0,KNN,0.515096304008329,0.5080687142113482,0.007027589796980704
0,AdaBoost,0.5275897969807392,0.5161374284226965,0.011452368558042658
0,XGBoost,0.8530279368384522,0.5424258198854763,0.3106021169529759
